{
  "version": 1,
  "author": "Uri Shaked",
  "editor": "wokwi",
  "parts": [
    { "type": "wokwi-esp32-devkit-v1", "id": "esp", "top": -46.75, "left": 2.79, "attrs": {} },
    {
      "type": "wokwi-dht22",
      "id": "dht1",
      "top": -57.98,
      "left": 208.91,
      "attrs": { "humidity": "35.5", "temperature": "18.8" }
    },
    {
      "type": "wokwi-servo",
      "id": "servo1",
      "top": -170.42,
      "left": -45.77,
      "attrs": { "horn": "cross", "hornColor": "#e5e5e5" }
    },
    {
      "type": "wokwi-rgb-led",
      "id": "rgb1",
      "top": -135.09,
      "left": 148.64,
      "attrs": { "common": "cathode" }
    },
    {
      "type": "wokwi-pir-motion-sensor",
      "id": "pir1",
      "top": -32.02,
      "left": 292.34,
      "attrs": {}
    },
    {
      "type": "wokwi-led",
      "id": "led1",
      "top": -119.4,
      "left": 385.67,
      "attrs": { "color": "red" }
    },
    {
      "type": "wokwi-resistor",
      "id": "r1",
      "top": -62.89,
      "left": 416.62,
      "attrs": { "value": "1000" }
    },
    {
      "type": "wokwi-buzzer",
      "id": "bz1",
      "top": -31.81,
      "left": 426.33,
      "attrs": { "volume": "0.1" }
    },
    {
      "type": "wokwi-photoresistor-sensor",
      "id": "ldr1",
      "top": -240.53,
      "left": -3.47,
      "attrs": {}
    },
    { "type": "wokwi-servo", "id": "servo2", "top": -306.48, "left": 263.3, "attrs": {} }
  ],
  "connections": [
    [ "esp:TX0", "$serialMonitor:RX", "", [] ],
    [ "esp:RX0", "$serialMonitor:TX", "", [] ],
    [ "dht1:SDA", "esp:D15", "green", [ "v0" ] ],
    [ "dht1:VCC", "esp:3V3", "red", [ "v0" ] ],
    [ "dht1:GND", "esp:GND.1", "black", [ "v0" ] ],
    [ "servo1:GND", "esp:GND.2", "black", [ "h-53.64", "v222.67" ] ],
    [ "servo1:V+", "esp:VIN", "red", [ "h-24.85", "v222.67" ] ],
    [ "esp:D25", "rgb1:G", "green", [ "h-35.7", "v131.62", "h209.93" ] ],
    [ "esp:D33", "rgb1:R", "red", [ "h-44.23", "v135.75", "h200.56" ] ],
    [ "rgb1:B", "esp:D26", "blue", [ "v182.02", "h-209.6", "v-127.4" ] ],
    [ "rgb1:COM", "esp:GND.1", "black", [ "v0" ] ],
    [ "pir1:VCC", "esp:VIN", "red", [ "v99.38", "h-379.51", "v-49.25" ] ],
    [ "pir1:GND", "esp:GND.1", "black", [ "v0" ] ],
    [ "pir1:OUT", "esp:D23", "gold", [ "v79.58", "h-229.09", "v-149.99" ] ],
    [ "led1:C", "esp:GND.1", "black", [ "v0" ] ],
    [ "servo1:PWM", "esp:D32", "orange", [ "h-11.75", "v126.87" ] ],
    [ "esp:D22", "r1:1", "orange", [ "h25.04", "v144.97", "h332.22" ] ],
    [ "r1:2", "led1:A", "orange", [ "v0" ] ],
    [ "esp:D13", "bz1:2", "orange", [ "h0" ] ],
    [ "bz1:1", "esp:GND.1", "black", [ "v0" ] ],
    [ "ldr1:GND", "esp:GND.2", "black", [ "h19.69", "v-43.58", "h-287.63", "v360.36" ] ],
    [ "ldr1:VCC", "esp:VIN", "red", [ "h13.81", "v-27.06", "h-253.55", "v363.34" ] ],
    [ "servo2:GND", "esp:GND.2", "black", [ "v-1.99", "h-362.76", "v359.08" ] ],
    [ "servo2:V+", "esp:VIN", "red", [ "v-4.63", "h-334.66", "v363.36" ] ],
    [ "servo2:PWM", "esp:D21", "orange", [ "h-53.72", "v78.43", "h-74.39", "v175.2" ] ],
    [ "esp:D34", "ldr1:AO", "green", [ "h-88.83", "v-176.26", "h267.2", "v-25.12" ] ]
  ],
  "dependencies": {}
}